mean_fit_time,std_fit_time,mean_score_time,std_score_time,param_gamma,param_learning_rate,param_max_depth,param_n_estimators,params,split0_test_r2,split1_test_r2,split2_test_r2,split3_test_r2,split4_test_r2,mean_test_r2,std_test_r2,rank_test_r2,split0_test_neg_root_mean_squared_error,split1_test_neg_root_mean_squared_error,split2_test_neg_root_mean_squared_error,split3_test_neg_root_mean_squared_error,split4_test_neg_root_mean_squared_error,mean_test_neg_root_mean_squared_error,std_test_neg_root_mean_squared_error,rank_test_neg_root_mean_squared_error
0.35613179206848145,0.021806035177231543,0.005458450317382813,0.0035807452747715746,0.1,0.1,3,500,"{'gamma': 0.1, 'learning_rate': 0.1, 'max_depth': 3, 'n_estimators': 500}",0.9493521824321911,0.9137392603384542,0.9339809798643477,0.9229125136599386,0.8878307449376335,0.921563136246513,0.02062688539295589,1,-3.6590535471426984,-4.778983187829239,-4.3980907772749065,-4.518200687406207,-5.83351484130716,-4.637568608192042,0.7041840004643837,1
0.3543739318847656,0.012913969795309134,0.0060555458068847655,0.0026890340920178992,0.01,0.1,3,500,"{'gamma': 0.01, 'learning_rate': 0.1, 'max_depth': 3, 'n_estimators': 500}",0.9485040096843633,0.9105970581375183,0.9323845330501959,0.9236339793598316,0.8885885534659591,0.9207416267395736,0.020255395680515455,2,-3.689564476374316,-4.865246161734788,-4.450949611540477,-4.497007950008923,-5.813776014053695,-4.66330884274244,0.6906929729049008,2
0.6763374328613281,0.022279668739719746,0.007546043395996094,0.006565648378089746,0.01,0.1,6,500,"{'gamma': 0.01, 'learning_rate': 0.1, 'max_depth': 6, 'n_estimators': 500}",0.9236529495952598,0.9127965496713963,0.9244815036531451,0.9206481692857568,0.8839157266466752,0.9130989797704465,0.015163720639686448,3,-4.492463202833478,-4.805026068704652,-4.70388092069518,-4.5840785459370155,-5.934444640591694,-4.903978675752404,0.5259984623970392,3
0.37258186340332033,0.007520370327848641,0.0035785675048828126,0.004385094429941765,0.1,0.1,6,200,"{'gamma': 0.1, 'learning_rate': 0.1, 'max_depth': 6, 'n_estimators': 200}",0.9232166161716336,0.9105311182848993,0.9261483999417218,0.9215013711236878,0.8809116424741935,0.9124618295992273,0.01663636322478221,4,-4.505282421762864,-4.867040031574657,-4.651677595881354,-4.5593676199325985,-6.010741376490498,-4.918821809128394,0.5597424164344369,4
0.4603160858154297,0.007751177942101434,0.010114240646362304,0.006835179892629018,0.1,0.1,6,500,"{'gamma': 0.1, 'learning_rate': 0.1, 'max_depth': 6, 'n_estimators': 500}",0.9232163263940538,0.9105304741743746,0.9261474301552133,0.9215014153477455,0.8809119740252136,0.9124615240193202,0.01663606019731888,5,-4.505290923137378,-4.867057551107739,-4.651708137666242,-4.559366335618665,-6.010733009304723,-4.91883119136695,0.559734821433403,5
0.40314855575561526,0.013520500649877467,0.005035781860351562,0.004361466553512916,0.01,0.1,6,200,"{'gamma': 0.01, 'learning_rate': 0.1, 'max_depth': 6, 'n_estimators': 200}",0.9233182105519251,0.9100847408402444,0.9248846838288007,0.9200074526635988,0.881307857968949,0.9119205891707036,0.016148563622377283,6,-4.502300898573992,-4.879166224439535,-4.691307513555927,-4.602548128219496,-6.00073396218096,-4.9352113453939825,0.5469999730675345,6
0.14163799285888673,0.006332780950277781,0.003218412399291992,0.004847394050980224,0.1,0.1,3,200,"{'gamma': 0.1, 'learning_rate': 0.1, 'max_depth': 3, 'n_estimators': 200}",0.9382510777383373,0.9017035681179132,0.9257109306219251,0.9128581637915502,0.8762180992268142,0.910948367899308,0.021254065155189208,7,-4.040202080753162,-5.1014988198455855,-4.665434654156538,-4.8038222409133455,-6.128045242427192,-4.947800607619165,0.6842215907377088,7
0.13775043487548827,0.01054122326353453,0.0034674644470214845,0.0018636317042188743,0.01,0.1,3,200,"{'gamma': 0.01, 'learning_rate': 0.1, 'max_depth': 3, 'n_estimators': 200}",0.938077656405691,0.9009939804637382,0.9264335090654832,0.9128581637915502,0.8762180992268142,0.9109162817906553,0.021376208531159846,8,-4.045871539793662,-5.11987919741044,-4.642689854215065,-4.8038222409133455,-6.128045242427192,-4.948061614951941,0.6855489017924574,8
0.22124404907226564,0.01863178751869898,0.002588796615600586,0.0030590192763519744,0.1,0.1,6,100,"{'gamma': 0.1, 'learning_rate': 0.1, 'max_depth': 6, 'n_estimators': 100}",0.9194553304290607,0.9053259828984099,0.9251380719074975,0.915782224344973,0.8768660523313688,0.908513532382262,0.017091843710118067,9,-4.61431032925166,-5.006616384801319,-4.683388186065624,-4.722537970282017,-6.111985156772592,-5.027767605434643,0.5583340051711944,9
0.22898459434509277,0.014913297263620636,0.003935813903808594,0.0026283140106074508,0.01,0.1,6,100,"{'gamma': 0.01, 'learning_rate': 0.1, 'max_depth': 6, 'n_estimators': 100}",0.9193808650685174,0.9057292917856481,0.9246126065077845,0.9128796886831944,0.8765806959774668,0.9078366296045222,0.016861254271018408,10,-4.616442853370953,-4.995940974660747,-4.699796092944128,-4.803228908572564,-6.119063158170718,-5.046894397543822,0.5508685393122587,10
1.1704208850860596,0.02572440150899903,0.0029956817626953123,0.0029774073617514028,0.1,0.01,6,500,"{'gamma': 0.1, 'learning_rate': 0.01, 'max_depth': 6, 'n_estimators': 500}",0.9140963216696691,0.8920010552811677,0.915260004006147,0.9037698992337381,0.872031975877703,0.899431851213685,0.01606465481620015,11,-4.765344222341894,-5.347350724903364,-4.982804769740424,-5.048112738439075,-6.230804450661019,-5.274883381217156,0.512913560172297,12
1.1788104057312012,0.09922192239169761,0.010396718978881836,0.005070933705344916,0.01,0.01,6,500,"{'gamma': 0.01, 'learning_rate': 0.01, 'max_depth': 6, 'n_estimators': 500}",0.9140425432762556,0.8934044124841135,0.9154854138563188,0.9031583558195886,0.8710666616942658,0.8994314774261085,0.016284901142216177,12,-4.766835616338102,-5.312494918109282,-4.976173183477479,-5.064127742553084,-6.254261027953345,-5.274778497686258,0.5200679571925401,11
0.07636122703552246,0.004145169374336806,0.0024565696716308595,0.00133965491131741,0.01,0.1,3,100,"{'gamma': 0.01, 'learning_rate': 0.1, 'max_depth': 3, 'n_estimators': 100}",0.9243578970338009,0.8887883564752614,0.9160084098866144,0.8963212640071166,0.8625025831093167,0.897595702102422,0.021752992509585695,13,-4.471674614179173,-5.426303032030846,-4.960752427754372,-5.239844779049964,-6.4586337687847575,-5.311441724359822,0.6576565382423029,13
0.07671465873718261,0.0036612931927736303,0.0057923316955566405,0.0029495658954164345,0.1,0.1,3,100,"{'gamma': 0.1, 'learning_rate': 0.1, 'max_depth': 3, 'n_estimators': 100}",0.9243578970338009,0.8887883564752614,0.9160081201061361,0.8963212640071166,0.8625025831093167,0.8975956441463264,0.02175294345320237,14,-4.471674614179173,-5.426303032030846,-4.960760985325255,-5.239844779049964,-6.4586337687847575,-5.311443435873999,0.6576556256013942,14
0.7245049953460694,0.03314087325117227,0.010472583770751952,0.0012361521136702532,0.01,0.1,9,500,"{'gamma': 0.01, 'learning_rate': 0.1, 'max_depth': 9, 'n_estimators': 500}",0.9024807923564351,0.8773351030304362,0.917732303690137,0.900688937636073,0.8832869478906697,0.8963048169207501,0.01446247098835918,15,-5.077307643690724,-5.698874105249851,-4.90957976178548,-5.128287789181467,-5.950495106902161,-5.3529088813619365,0.3999381498726806,15
0.6414802551269532,0.023471970969554792,0.0005545139312744141,0.0011090278625488282,0.01,0.1,9,200,"{'gamma': 0.01, 'learning_rate': 0.1, 'max_depth': 9, 'n_estimators': 200}",0.9024807803363394,0.8773351068910158,0.9177323090105981,0.9006889310299732,0.8832869525744642,0.8963048159684781,0.014462469281864586,16,-5.077307956602012,-5.698874015570743,-4.909579603027977,-5.128287959746458,-5.950494987502937,-5.352908904490024,0.3999380715873147,16
0.5482992649078369,0.00801050096834769,0.00786433219909668,0.005424886392845248,0.01,0.1,9,100,"{'gamma': 0.01, 'learning_rate': 0.1, 'max_depth': 9, 'n_estimators': 100}",0.902135283603845,0.877081920188628,0.9174759847933808,0.900521971724101,0.8831424812393408,0.8960715283098593,0.014439472337681104,17,-5.0862940946512705,-5.704752369620692,-4.917222125951625,-5.132596924734468,-5.9541767099196665,-5.359008444975544,0.398641335055209,17
0.4464564800262451,0.009068423515503674,0.0047035694122314455,0.0062603730847748205,0.1,0.1,9,100,"{'gamma': 0.1, 'learning_rate': 0.1, 'max_depth': 9, 'n_estimators': 100}",0.9001389849860475,0.8744959113841054,0.9201261239732291,0.9019804738028075,0.8822658876654116,0.8958014763623202,0.016036344547546783,18,-5.1379087276644775,-5.764449660639812,-4.837623127679125,-5.094832077763542,-5.9764672799467755,-5.3622561747387465,0.4326897596617993,18
0.48036813735961914,0.002968923160964294,0.00372314453125,0.004400662869517951,0.1,0.1,9,200,"{'gamma': 0.1, 'learning_rate': 0.1, 'max_depth': 9, 'n_estimators': 200}",0.9001376206040953,0.874496093240517,0.9201267872000193,0.9019800834036376,0.8822664289096795,0.8958014026715897,0.016036302184057737,19,-5.137943826676815,-5.76444548427185,-4.837603043215474,-5.0948422237839885,-5.9764535424992715,-5.36225762408948,0.43268506013765623,19
0.5628083229064942,0.004768665720450697,0.007862377166748046,0.0069910763461169916,0.1,0.1,9,500,"{'gamma': 0.1, 'learning_rate': 0.1, 'max_depth': 9, 'n_estimators': 500}",0.9001376326653256,0.8744960822236323,0.9201267816718717,0.9019800741287708,0.8822664289096795,0.895801399919856,0.016036303371833732,20,-5.137943516400183,-5.764445737276844,-4.8376032106244375,-5.094842464826744,-5.9764535424992715,-5.362257694325496,0.4326850689498639,20
3.0027676582336427,0.03939321850401803,0.013405847549438476,0.004388856660643516,0.1,0.01,9,500,"{'gamma': 0.1, 'learning_rate': 0.01, 'max_depth': 9, 'n_estimators': 500}",0.8987452493742025,0.8784509565633344,0.9184634443679088,0.9030102770283627,0.8792980603292536,0.8955935975326124,0.015148495704133916,21,-5.1736387547138065,-5.672894232676171,-4.887714529406975,-5.067997996302299,-6.0513254958185545,-5.370714201783561,0.4285578189819557,21
3.1025351524353026,0.05945706371662929,0.010591459274291993,0.003824340060183402,0.01,0.01,9,500,"{'gamma': 0.01, 'learning_rate': 0.01, 'max_depth': 9, 'n_estimators': 500}",0.8969549257517465,0.877598416534654,0.9164939449328323,0.9024892484511982,0.8788061403777694,0.89446853520964,0.014734613454605432,22,-5.219176876369421,-5.692754193570158,-4.946393191521766,-5.081592400489179,-6.06364402594257,-5.400712137578618,0.41616473024178624,22
0.14858345985412597,0.007482156936656796,0.0009877204895019532,0.0016447258246103818,0.01,1,3,200,"{'gamma': 0.01, 'learning_rate': 1, 'max_depth': 3, 'n_estimators': 200}",0.9246391889233181,0.8836057683512395,0.8877872134781757,0.8987802680103479,0.8078444587103746,0.8805313794946912,0.03904870863778113,23,-4.463352414464972,-5.551299295015699,-5.733909386776086,-5.177333803506383,-7.6351899458190005,-5.712216969116428,1.055457512614133,23
0.30699944496154785,0.01055827426051541,0.00803966522216797,0.004909772399826727,0.01,1,3,500,"{'gamma': 0.01, 'learning_rate': 1, 'max_depth': 3, 'n_estimators': 500}",0.9236468141769146,0.8803169265117611,0.88597609938802,0.8975692484840931,0.8086734263743133,0.8792365029870204,0.03829909281728652,24,-4.492643711361751,-5.629181873588858,-5.779996809904883,-5.208213208244348,-7.618702868361552,-5.7457476942922785,1.0374906835510895,24
0.07747492790222169,0.016880609453133157,0.007771730422973633,0.00540923168947652,0.1,1,3,100,"{'gamma': 0.1, 'learning_rate': 1, 'max_depth': 3, 'n_estimators': 100}",0.9180542402311364,0.8751670693184523,0.8900063506138521,0.8947655157560042,0.8181582019868519,0.8792302755812594,0.033499479189339085,25,-4.654270711792525,-5.749015731695932,-5.676928934377712,-5.279011566172633,-7.42745873680646,-5.757337136169053,0.9210202791581297,25
0.15595488548278807,0.017301516878212145,0.003715991973876953,0.005273875704851617,0.1,1,3,200,"{'gamma': 0.1, 'learning_rate': 1, 'max_depth': 3, 'n_estimators': 200}",0.9203832651111339,0.8754432889539182,0.8834189465831774,0.8974292867033666,0.8183470638986198,0.8790043702500432,0.03395046121703285,26,-4.587653180575062,-5.7426517440969365,-5.8444498925773365,-5.211770255048736,-7.423600634624055,-5.7620251413844255,0.9433909295872758,26
0.2184274673461914,0.008919488629323964,0.005625104904174805,0.003195371498571921,0.1,1,3,500,"{'gamma': 0.1, 'learning_rate': 1, 'max_depth': 3, 'n_estimators': 500}",0.9203832715461144,0.8754432932749621,0.8837582249887327,0.8974292867033666,0.8179148073812642,0.8789857767788881,0.03411423276520702,27,-4.587652995177737,-5.7426516444866875,-5.8359393312146,-5.211770255048736,-7.432427888232058,-5.7620884228319635,0.9463629678105661,27
0.07593646049499511,0.005797891273213154,0.0041620731353759766,0.006262016126456018,0.01,1,3,100,"{'gamma': 0.01, 'learning_rate': 1, 'max_depth': 3, 'n_estimators': 100}",0.9199642871888974,0.875802723675461,0.887827205665091,0.8947655157560042,0.8140108649381343,0.8784741194447175,0.035318469309962595,28,-4.599708455555714,-5.73435994002245,-5.73288752457066,-5.279011566172633,-7.511681696721124,-5.771529836608516,0.9640272736339849,28
0.35016789436340334,0.016632185660445994,0.004465484619140625,0.0038796676557939784,0.01,0.01,3,500,"{'gamma': 0.01, 'learning_rate': 0.01, 'max_depth': 3, 'n_estimators': 500}",0.902845131138805,0.8661795898570264,0.8929928345162821,0.860874962434653,0.8359111951516721,0.8717607426196876,0.023882547879032597,29,-5.067814174828857,-5.95237237033224,-5.599330236635816,-6.069825731321608,-7.0555823508280024,-5.9489849727893045,0.6538948126663361,29
0.35240588188171384,0.020065689968048847,0.005275821685791016,0.002804654839283108,0.1,0.01,3,500,"{'gamma': 0.1, 'learning_rate': 0.01, 'max_depth': 3, 'n_estimators': 500}",0.9028449072476854,0.8661795898570264,0.8929357443969799,0.860874962434653,0.8359089732658879,0.8717488354404466,0.023873014573695214,30,-5.067820014155025,-5.95237237033224,-5.6008237058081605,-6.069825731321608,-7.055630119611104,-5.949294388245628,0.6537499396298653,30
1.1895498752593994,0.07526136342365722,0.0040744304656982425,0.002732498164980479,0.01,0.01,9,200,"{'gamma': 0.01, 'learning_rate': 0.01, 'max_depth': 9, 'n_estimators': 200}",0.8634382715383468,0.8189460133062856,0.8828600326545907,0.8619229856588826,0.8441532426761252,0.8542641091668461,0.02149487381151513,31,-6.00831784950904,-6.9236157928540285,-5.858442898246132,-6.046920639368598,-6.876101431847128,-6.342679722364986,0.4595175812021592,31
1.187537670135498,0.042313983475834566,0.0037278175354003907,0.0042442628108540345,0.1,0.01,9,200,"{'gamma': 0.1, 'learning_rate': 0.01, 'max_depth': 9, 'n_estimators': 200}",0.8623561867026357,0.8180525464251188,0.8828219437103781,0.8617616160352087,0.8435359658887923,0.8537056517524266,0.02173501876178638,32,-6.032075169186444,-6.94067813040716,-5.859395279289339,-6.050453104129611,-6.889705382682674,-6.354461413139045,0.46294288322836596,32
0.48181328773498533,0.016789030796062063,0.0053236961364746095,0.0015905654632446845,0.01,0.01,6,200,"{'gamma': 0.01, 'learning_rate': 0.01, 'max_depth': 6, 'n_estimators': 200}",0.8686568212035849,0.8217126746704089,0.8718629437868168,0.8523468133847568,0.8336774857346146,0.8496513477560365,0.019481079414758587,33,-5.892399153484216,-6.870512730737442,-6.127270071461028,-6.253094430573341,-7.103443165779499,-6.449343910407106,0.45992649182875955,33
0.503950834274292,0.011194554405804854,0.004903984069824219,0.004411737601706738,0.1,0.01,6,200,"{'gamma': 0.1, 'learning_rate': 0.01, 'max_depth': 6, 'n_estimators': 200}",0.8691738365487367,0.8218014222700201,0.8712217677288273,0.8508047973018669,0.8333857842619721,0.8492775216222845,0.019427965450778337,34,-5.880790386571403,-6.868802521080725,-6.142580851413366,-6.285661718747722,-7.109669554058766,-6.457501006374396,0.45951960444680395,34
0.08961529731750488,0.004829099475979143,0.008956527709960938,0.0047579409351253266,0.1,1,6,100,"{'gamma': 0.1, 'learning_rate': 1, 'max_depth': 6, 'n_estimators': 100}",0.8883150988390726,0.7872274006672955,0.8629510262000097,0.8494318542442398,0.8226036786565499,0.8421058117214335,0.034685631825098935,35,-5.4335745374830235,-7.505623292954034,-6.336764188387779,-6.314516844794346,-7.336107625841791,-6.585317297892194,0.7579277222646863,35
0.12847819328308105,0.004793029076641268,0.005202865600585938,0.004525490353530324,0.1,1,6,200,"{'gamma': 0.1, 'learning_rate': 1, 'max_depth': 6, 'n_estimators': 200}",0.8883150988390726,0.7872274003426207,0.8629510261740696,0.8494318484032649,0.8226036825463939,0.8421058112610844,0.0346856312405655,36,-5.4335745374830235,-7.505623298680537,-6.33676418898748,-6.314516967273552,-7.336107545410828,-6.585317307567084,0.7579276989291821,36
0.20659170150756836,0.004285690839497361,0.0036914825439453127,0.0032952402350883408,0.1,1,6,500,"{'gamma': 0.1, 'learning_rate': 1, 'max_depth': 6, 'n_estimators': 500}",0.8883150988390726,0.7872273993685577,0.8629510261317367,0.8494318354232784,0.8226036942158914,0.8421058107957073,0.03468562968315307,37,-5.4335745374830235,-7.505623315860736,-6.336764189966157,-6.3145172394504465,-7.336107304118642,-6.585317317375801,0.7579276357839585,37
0.12251811027526856,0.004458439657123137,0.005457830429077148,0.0032265504090459403,0.01,1,6,100,"{'gamma': 0.01, 'learning_rate': 1, 'max_depth': 6, 'n_estimators': 100}",0.8882961688153989,0.7659601952816679,0.8639081976687257,0.8454370837001617,0.8299541648848714,0.8387111620701653,0.0412509143826343,38,-5.434034999620085,-7.871795033017266,-6.314596939577881,-6.397734698608207,-7.182512474809495,-6.640134829126586,0.8283199753630632,38
0.15671968460083008,0.009888390097272123,0.00658712387084961,0.006032472948489373,0.01,1,6,200,"{'gamma': 0.01, 'learning_rate': 1, 'max_depth': 6, 'n_estimators': 200}",0.8882961688153989,0.7659601950169583,0.8639081979729495,0.8454370783564711,0.8299541573597716,0.8387111595043099,0.04125091465840745,39,-5.434034999620085,-7.871795037468944,-6.314596932519961,-6.397734809202376,-7.182512633734653,-6.640134882509204,0.8283199915814331,39
0.2337726593017578,0.006046614209039912,0.004294490814208985,0.0036127367282173563,0.01,1,6,500,"{'gamma': 0.01, 'learning_rate': 1, 'max_depth': 6, 'n_estimators': 500}",0.8882961688153989,0.765960194222827,0.863908198584368,0.8454370674801271,0.8299541548764837,0.838711156795841,0.04125091476396899,40,-5.434034999620085,-7.871795050824019,-6.314596918335193,-6.397735034301521,-7.18251268618006,-6.640134937852176,0.8283199903615631,40
0.12724390029907226,0.008090944650100261,0.005838584899902344,0.0055028762190278465,0.01,1,9,100,"{'gamma': 0.01, 'learning_rate': 1, 'max_depth': 9, 'n_estimators': 100}",0.8698676196801771,0.8123657524788567,0.8816340920659113,0.8113987062347964,0.7843820451188477,0.8319296431157179,0.03734932816686067,41,-5.8651764734340235,-7.048309541135173,-5.88901918031157,-7.067176029300702,-8.087901444979739,-6.791516533832242,0.8360803818417107,41
0.15262608528137206,0.006162160199867595,0.0013885498046875,0.002777099609375,0.01,1,9,200,"{'gamma': 0.01, 'learning_rate': 1, 'max_depth': 9, 'n_estimators': 200}",0.8698676153943181,0.8123657524788567,0.8816340920659113,0.8113987062347964,0.7843820451188477,0.8319296422585459,0.03734932729617935,42,-5.865176570017667,-7.048309541135173,-5.88901918031157,-7.067176029300702,-8.087901444979739,-6.791516553148969,0.8360803604396309,42
0.22429165840148926,0.008634718670748848,0.005077219009399414,0.005140822992651077,0.01,1,9,500,"{'gamma': 0.01, 'learning_rate': 1, 'max_depth': 9, 'n_estimators': 500}",0.8698676153943181,0.8123657524788567,0.8816340920659113,0.8113987062347964,0.7843820451188477,0.8319296422585459,0.03734932729617935,42,-5.865176570017667,-7.048309541135173,-5.88901918031157,-7.067176029300702,-8.087901444979739,-6.791516553148969,0.8360803604396309,42
0.2033724308013916,0.0030452945424848756,0.0032915592193603514,0.004105107153091102,0.1,1,9,500,"{'gamma': 0.1, 'learning_rate': 1, 'max_depth': 9, 'n_estimators': 500}",0.8728475509635222,0.8215404454613839,0.8666490565062317,0.8136260026693786,0.7793963581196501,0.8308118827440332,0.03486020832280844,44,-5.797633551901163,-6.873830457713386,-6.250686222179412,-7.025322008194113,-8.180874459306901,-6.825669339858995,0.8082357037353329,44
0.12537202835083008,0.003238934214293411,0.007052469253540039,0.004089447005336326,0.1,1,9,200,"{'gamma': 0.1, 'learning_rate': 1, 'max_depth': 9, 'n_estimators': 200}",0.8728475506441595,0.8215404523356301,0.866649049791896,0.8136260026693786,0.7793963581196501,0.8308118827121429,0.034860206499632077,45,-5.797633559181982,-6.873830325323716,-6.2506863795431435,-7.025322008194113,-8.180874459306901,-6.8256693463099705,0.8082356779155268,45
0.09036030769348144,0.0067309281904960735,0.006969308853149414,0.006211795851423944,0.1,1,9,100,"{'gamma': 0.1, 'learning_rate': 1, 'max_depth': 9, 'n_estimators': 100}",0.872847546081821,0.8215404567993603,0.8666490452551536,0.8136260026693786,0.7793963581196501,0.8308118817850726,0.0348602042291344,46,-5.797633663194001,-6.8738302393576705,-6.250686485870672,-7.025322008194113,-8.180874459306901,-6.825669371184672,0.8082356353030065,46
0.14281587600708007,0.01326337624076318,0.007499408721923828,0.005793337823920859,0.1,0.01,3,200,"{'gamma': 0.1, 'learning_rate': 0.01, 'max_depth': 3, 'n_estimators': 200}",0.8035484474820572,0.7538238395326372,0.7916042282926355,0.7509713611043872,0.7410012097596923,0.7681898172342819,0.024659863346892314,47,-7.206362915925825,-8.073315239215278,-7.814012532546942,-8.12078892554176,-8.86425532749777,-8.015746988145514,0.5348109350101378,47
0.155487060546875,0.010130782368381223,0.0029581546783447265,0.003939981946841584,0.01,0.01,3,200,"{'gamma': 0.01, 'learning_rate': 0.01, 'max_depth': 3, 'n_estimators': 200}",0.8035484474820572,0.7538238395326372,0.7916042282926355,0.7509713611043872,0.7410012097596923,0.7681898172342819,0.024659863346892314,47,-7.206362915925825,-8.073315239215278,-7.814012532546942,-8.12078892554176,-8.86425532749777,-8.015746988145514,0.5348109350101378,47
0.5765079021453857,0.0227142421644548,0.005602550506591797,0.005400214983345728,0.01,0.01,9,100,"{'gamma': 0.01, 'learning_rate': 0.01, 'max_depth': 9, 'n_estimators': 100}",0.7354090851435253,0.6811859820745823,0.7553001580753996,0.719868019449901,0.7136902423445106,0.7210906974175837,0.024592484253837622,49,-8.363265053690787,-9.187505627947983,-8.467330201443698,-8.613009395306111,-9.319904537722914,-8.790202963222297,0.38893534805443125,49
0.5832527637481689,0.011929100719150983,0.0007007122039794922,0.0014014244079589844,0.1,0.01,9,100,"{'gamma': 0.1, 'learning_rate': 0.01, 'max_depth': 9, 'n_estimators': 100}",0.7351056934910911,0.680480930339567,0.7549012186032209,0.7197304044372541,0.7134303350399991,0.7207297163822264,0.024692527825738813,50,-8.368058524896158,-9.197659023127805,-8.474229626773699,-8.615124708707613,-9.32413380640432,-8.795841137981919,0.38977971018044194,50
0.26195521354675294,0.022823285810099705,0.005413961410522461,0.0047006848022755,0.01,0.01,6,100,"{'gamma': 0.01, 'learning_rate': 0.01, 'max_depth': 6, 'n_estimators': 100}",0.7365167573256626,0.6736364446260623,0.7428114187479744,0.7202121156193079,0.7121880425811233,0.7170729557800262,0.024335065634529675,51,-8.345740884818547,-9.295649536524714,-8.68071490675329,-8.607717935545926,-9.344322221528216,-8.854829097034138,0.3961001550127733,51
0.25995831489562987,0.01459940397316458,0.00293879508972168,0.0038123093802438315,0.1,0.01,6,100,"{'gamma': 0.1, 'learning_rate': 0.01, 'max_depth': 6, 'n_estimators': 100}",0.7365281225387694,0.6736335049996218,0.7422786612570367,0.7202974989437945,0.7121204929577336,0.7169716561393912,0.024230931657048222,52,-8.345560888273818,-9.295691400383555,-8.689701159879867,-8.606404419673604,-9.3454187159561,-8.85655531683339,0.3958178899289491,52
0.07434468269348145,0.007002126704009886,0.002629995346069336,0.004943271398441458,0.1,0.01,3,100,"{'gamma': 0.1, 'learning_rate': 0.01, 'max_depth': 3, 'n_estimators': 100}",0.6409563081695977,0.5920283225609133,0.6183856377517114,0.5854568211419884,0.5999616861484189,0.607357755154526,0.020098861710508023,53,-9.742312303787475,-10.39307163967638,-10.574065774589236,-10.47751911365922,-11.016513812931562,-10.440696528928775,0.4100530353486324,53
0.0809488296508789,0.007148159499742329,0.003268909454345703,0.004064880948142458,0.01,0.01,3,100,"{'gamma': 0.01, 'learning_rate': 0.01, 'max_depth': 3, 'n_estimators': 100}",0.6409563081695977,0.5920283225609133,0.6183856377517114,0.5854568211419884,0.5999616861484189,0.607357755154526,0.020098861710508023,53,-9.742312303787475,-10.39307163967638,-10.574065774589236,-10.47751911365922,-11.016513812931562,-10.440696528928775,0.4100530353486324,53
2.581873655319214,0.0851293989526638,0.006834506988525391,0.004944341653353889,0.01,0.001,9,500,"{'gamma': 0.01, 'learning_rate': 0.001, 'max_depth': 9, 'n_estimators': 500}",0.5279844960416742,0.4738903012374299,0.5444030907545577,0.5063059187049262,0.5068173376351108,0.5118802288747397,0.023736151201487383,55,-11.170343513895295,-11.80231136362181,-11.553672064748385,-11.43411446116097,-12.23199485299721,-11.638487251284733,0.3597804956193831,55
2.569794273376465,0.10757661936586142,0.01000676155090332,0.0055177064815985395,0.1,0.001,9,500,"{'gamma': 0.1, 'learning_rate': 0.001, 'max_depth': 9, 'n_estimators': 500}",0.5280037128696169,0.47389808754845375,0.5444027049091603,0.5062785600053301,0.5067821270027968,0.5118730384670716,0.023738956681294533,56,-11.170116126497613,-11.802224027456644,-11.55367695715454,-11.434431274933704,-12.232431495056042,-11.638575976219709,0.35993960471974923,56
1.229184103012085,0.02812926435509522,0.006059980392456055,0.00535961192387571,0.01,0.001,6,500,"{'gamma': 0.01, 'learning_rate': 0.001, 'max_depth': 6, 'n_estimators': 500}",0.5179064003261508,0.46868279967828474,0.5299037017477128,0.5015579607602855,0.5046509733290592,0.5045403671682986,0.020574847320796178,57,-11.288963785802226,-11.860577935127312,-11.736080172129961,-11.4889650195866,-12.258830671480887,-11.726683516825398,0.3314529388760112,57
1.2043984889984132,0.043716620454149466,0.0074157238006591795,0.0048222109065513665,0.1,0.001,6,500,"{'gamma': 0.1, 'learning_rate': 0.001, 'max_depth': 6, 'n_estimators': 500}",0.5177211968519596,0.4686808875434789,0.5299080485942562,0.5015468242240722,0.5046434016196697,0.5045000717666873,0.02055295408403159,58,-11.291131989813215,-11.860599277372083,-11.73602591190961,-11.489093366064482,-12.258924362942464,-11.72715498162037,0.3308939801719252,58
0.3683004856109619,0.014201052871142098,0.003564262390136719,0.004489028700228071,0.1,0.001,3,500,"{'gamma': 0.1, 'learning_rate': 0.001, 'max_depth': 3, 'n_estimators': 500}",0.43256306645158715,0.39843999455019774,0.42390674286376506,0.4015729625396961,0.4127937084320161,0.41385529496745244,0.012966313751465671,59,-12.247492915591451,-12.62026258233034,-12.99200107911885,-12.588650565939906,-13.347156088440935,-12.759112646284297,0.37686165152244844,59
0.3810102939605713,0.013205756575764381,0.003318500518798828,0.006637001037597656,0.01,0.001,3,500,"{'gamma': 0.01, 'learning_rate': 0.001, 'max_depth': 3, 'n_estimators': 500}",0.43256306645158715,0.39843999455019774,0.42390674286376506,0.4015729625396961,0.4127937084320161,0.41385529496745244,0.012966313751465671,59,-12.247492915591451,-12.62026258233034,-12.99200107911885,-12.588650565939906,-13.347156088440935,-12.759112646284297,0.37686165152244844,59
1.0399492740631104,0.055581686388185135,0.0031318187713623045,0.0038372863727407797,0.1,0.001,9,200,"{'gamma': 0.1, 'learning_rate': 0.001, 'max_depth': 9, 'n_estimators': 200}",0.27186564900736265,0.23848333727341586,0.28831781147530455,0.25745634541991946,0.2625386817497237,0.26373236498514524,0.01642510998285153,61,-13.873759348039858,-14.199355062619954,-14.4401831077164,-14.022794533387561,-14.957637780281273,-14.29874596640901,0.37967993317122534,61
1.0300018310546875,0.04751219228432016,0.00843043327331543,0.004427712301238511,0.01,0.001,9,200,"{'gamma': 0.01, 'learning_rate': 0.001, 'max_depth': 9, 'n_estimators': 200}",0.2718590134178701,0.23846736965117488,0.28830261500210275,0.2574576276653542,0.2625616843000741,0.2637296620073152,0.016424386594565934,62,-13.87382256464397,-14.19950392919129,-14.440337276731558,-14.022782425902752,-14.95740450262273,-14.298770139818462,0.37959028400941286,62
0.5022428035736084,0.017796404414010765,0.007797336578369141,0.006744998390115991,0.1,0.001,6,200,"{'gamma': 0.1, 'learning_rate': 0.001, 'max_depth': 6, 'n_estimators': 200}",0.2615097161791936,0.2337280839695507,0.2760276430676827,0.25412327482631225,0.2558479559289093,0.2562473347943297,0.013643614221780292,63,-13.972071192220353,-14.24361965490501,-14.564334470584326,-14.054231494478342,-15.025337253400709,-14.371918813117748,0.3850307701209897,63
0.5090196609497071,0.025802051539699725,0.0012371540069580078,0.0024743080139160156,0.01,0.001,6,200,"{'gamma': 0.01, 'learning_rate': 0.001, 'max_depth': 6, 'n_estimators': 200}",0.26150976105794077,0.23373077067446268,0.27602562279301635,0.25412327482631225,0.2558462174451782,0.2562471293593821,0.013642155194598288,64,-13.972070767672411,-14.24359468437194,-14.564354791757609,-14.054231494478342,-15.025354804443753,-14.37192130854481,0.3850405107240705,64
0.14974331855773926,0.009869152157324233,0.0036414146423339845,0.004822254415248223,0.1,0.001,3,200,"{'gamma': 0.1, 'learning_rate': 0.001, 'max_depth': 3, 'n_estimators': 200}",0.21100729304772425,0.1952400234792323,0.21724134571067133,0.19755038407612613,0.20514315548522388,0.20523644035979557,0.008202841055912612,65,-14.441918552089122,-14.59694926238006,-15.144104260829733,-14.577480254478745,-15.52879827840697,-14.857850121636925,0.4127440981033895,65
0.15788469314575196,0.0029398064025983103,0.005003786087036133,0.0066155466842076635,0.01,0.001,3,200,"{'gamma': 0.01, 'learning_rate': 0.001, 'max_depth': 3, 'n_estimators': 200}",0.21100729304772425,0.1952400234792323,0.21724134571067133,0.19755038407612613,0.20514315548522388,0.20523644035979557,0.008202841055912612,65,-14.441918552089122,-14.59694926238006,-15.144104260829733,-14.577480254478745,-15.52879827840697,-14.857850121636925,0.4127440981033895,65
0.5298017978668212,0.024234356607834753,0.002306365966796875,0.0028809293969785338,0.1,0.001,9,100,"{'gamma': 0.1, 'learning_rate': 0.001, 'max_depth': 9, 'n_estimators': 100}",0.14694510710486086,0.12930486315626166,0.15889809039747682,0.13978090137094223,0.1433704790131315,0.14365988820853462,0.009635273841130257,67,-15.016782345868542,-15.183153167103603,-15.698348331007967,-15.093088387443226,-16.120923152592926,-15.422459076803253,0.42291675899706466,67
0.5242184638977051,0.02023119270530162,0.00805821418762207,0.007075815295221545,0.01,0.001,9,100,"{'gamma': 0.01, 'learning_rate': 0.001, 'max_depth': 9, 'n_estimators': 100}",0.14694333326671816,0.12928611605181084,0.15889646613316333,0.13979099182087185,0.14337581733838645,0.14365854492219013,0.00963938473983113,68,-15.01679795877205,-15.18331662191926,-15.698363488656746,-15.092999865519268,-16.12087292150518,-15.422470171274501,0.42289444797638176,68
0.2613638401031494,0.0033899327547336332,0.0031984806060791015,0.003917324913296114,0.01,0.001,6,100,"{'gamma': 0.01, 'learning_rate': 0.001, 'max_depth': 6, 'n_estimators': 100}",0.1408390639180972,0.12423794539314281,0.1533751814586295,0.13795303137236992,0.13876682540188168,0.13903440950882423,0.009263809668901531,69,-15.07043049055322,-15.227267453279527,-15.749803860785608,-15.109115445884749,-16.164183220402855,-15.46416009418119,0.42633849580244537,69
0.24543089866638185,0.008492215087408286,0.0035789966583251952,0.0025522032719420885,0.1,0.001,6,100,"{'gamma': 0.1, 'learning_rate': 0.001, 'max_depth': 6, 'n_estimators': 100}",0.14083673311147482,0.12423669888503763,0.15337495701370063,0.13795303137236992,0.13876694145357882,0.13903367236723235,0.009264046933509183,70,-15.070450932727606,-15.227278290073292,-15.749805948465589,-15.109115445884749,-16.164182131336027,-15.464166549697453,0.4263334379515038,70
0.07984375953674316,0.0046934547695475755,0.004512262344360351,0.0041370935467269655,0.1,0.001,3,100,"{'gamma': 0.1, 'learning_rate': 0.001, 'max_depth': 3, 'n_estimators': 100}",0.11176980339309484,0.10284522607121382,0.11872025279705756,0.10643235598387313,0.10762100164300747,0.10947772797764936,0.00542935870151469,71,-15.323259757211483,-15.41212774431237,-16.06891475214702,-15.382867256234018,-16.45386992565321,-15.728207887111619,0.452949524335579,71
0.08327536582946778,0.005020226033368179,0.001668262481689453,0.003336524963378906,0.01,0.001,3,100,"{'gamma': 0.01, 'learning_rate': 0.001, 'max_depth': 3, 'n_estimators': 100}",0.11176980339309484,0.10284522607121382,0.11872025279705756,0.10643235598387313,0.10762100164300747,0.10947772797764936,0.00542935870151469,71,-15.323259757211483,-15.41212774431237,-16.06891475214702,-15.382867256234018,-16.45386992565321,-15.728207887111619,0.452949524335579,71
